{
  "FilterHeaders": [
    {
      "Header": "user-agent",
      "IncludeInScript": false
    },
    {
      "Header": "upgrade-insecure-requests",
      "IncludeInScript": false
    },
    {
      "Header": "sec-fetch-site",
      "IncludeInScript": false
    },
    {
      "Header": "sec-fetch-mode",
      "IncludeInScript": false
    },
    {
      "Header": "sec-fetch-dest",
      "IncludeInScript": false
    },
    {
      "Header": "sec-ch-ua-platform",
      "IncludeInScript": false
    },
    {
      "Header": "sec-ch-ua-mobile",
      "IncludeInScript": false
    },
    {
      "Header": "sec-ch-ua",
      "IncludeInScript": false
    },
    {
      "Header": "pragma",
      "IncludeInScript": false
    },
    {
      "Header": "cache-control",
      "IncludeInScript": false
    },
    {
      "Header": "accept-language",
      "IncludeInScript": false
    },
    {
      "Header": "accept-encoding",
      "IncludeInScript": false
    },
    {
      "Header": "accept",
      "IncludeInScript": false
    }
  ],
  "FilterResources": [
    {
      "IsNonResource": false,
      "type": "text/javascript"
    },
    {
      "IsNonResource": true,
      "type": "text/html"
    },
    {
      "IsNonResource": false,
      "type": "application/wasm"
    }
  ],
  "GeneralInfo": {
    "BrowserVersion": "",
    "IsWinInetMode": false,
    "MaxUsedConnections": 2,
    "RecordedBrowser": "Chrome",
    "RecordingDate": "Sep-30-2025",
    "RecordingDuration": 10328,
    "RecordingMode": "N/A",
    "RecordingTimeStamp": 1759214509,
    "RecordingType": "Browser",
    "TotalBytesReceived": 11158813,
    "TotalBytesSent": 4012,
    "TotalRequests": 7,
    "UserAgent": "Mozilla/5.0 (Windows NT 10.0; Win64; x64) AppleWebKit/537.36 (KHTML, like Gecko) Chrome/120.0.0.0 Safari/537.36"
  },
  "HostInfo": [
    {
      "DomainName": "gstatic.com",
      "Domains": [
        {
          "HTTPVersion": "HTTP/1.1",
          "IP": "142.251.222.195",
          "IncludeInScript": true,
          "Name": "www.gstatic.com",
          "Port": 80,
          "Requests": [
            {
              "CompressionType": "",
              "DataType": "",
              "DownloadTime": 109,
              "EventId": 549,
              "HttpStatus": 204,
              "Size": 0,
              "URL": "http://www.gstatic.com/generate_204"
            }
          ],
          "SSLCipher": "None",
          "SSLVersion": "None"
        }
      ],
      "IncludeInScript": true
    },
    {
      "DomainName": "adobe.com",
      "Domains": [
        {
          "HTTPVersion": "HTTP/1.1",
          "IP": "23.11.215.154",
          "IncludeInScript": true,
          "Name": "acrobat.adobe.com",
          "Port": 443,
          "Requests": [
            {
              "CompressionType": "gzip",
              "DataType": "application/wasm",
              "DownloadTime": 31,
              "EventId": 589,
              "HttpStatus": 200,
              "Size": 9598454,
              "URL": "https://acrobat.adobe.com/dc-rendition-provider/AJS/build/wasm_acrobat_we.7626bb265cd2308bc39dfa4f41c93a2a.wasm"
            },
            {
              "CompressionType": "br",
              "DataType": "text/javascript",
              "DownloadTime": 31,
              "EventId": 586,
              "HttpStatus": 200,
              "Size": 112274,
              "URL": "https://acrobat.adobe.com/dc-rendition-provider/AJS/build/wasm_acrobat_we.d0f853d7ced25108f963d162d36b8ec1.js"
            },
            {
              "CompressionType": "br",
              "DataType": "text/javascript",
              "DownloadTime": 16,
              "EventId": 580,
              "HttpStatus": 200,
              "Size": 187641,
              "URL": "https://acrobat.adobe.com/dc-rendition-provider/AJS/build/acrobatProxy_we.efff5b105b5b76fadae9.js"
            },
            {
              "CompressionType": "br",
              "DataType": "text/javascript",
              "DownloadTime": 63,
              "EventId": 561,
              "HttpStatus": 200,
              "Size": 1255261,
              "URL": "https://acrobat.adobe.com/dc-chrome-extension/1.2.137/AjsWorker.js"
            },
            {
              "CompressionType": "br",
              "DataType": "text/javascript",
              "DownloadTime": 31,
              "EventId": 557,
              "HttpStatus": 200,
              "Size": 4653,
              "URL": "https://acrobat.adobe.com/dc-chrome-extension/html-head-config.js"
            },
            {
              "CompressionType": "br",
              "DataType": "text/html",
              "DownloadTime": 78,
              "EventId": 553,
              "HttpStatus": 200,
              "Size": 530,
              "URL": "https://acrobat.adobe.com/dc-chrome-extension/ajs-worker.html?callingApp=efaidnbmnnnibpcajpcglclefindmkaj"
            }
          ],
          "SSLCipher": "TLS_AES_256_GCM_SHA384",
          "SSLVersion": "TLS1.3"
        }
      ],
      "IncludeInScript": true
    }
  ],
  "WebSocket": {
    "IncludeInScript": false,
    "IsScriptIncludeWebSocket": false
  },
  "NumberOfCorrelations": 5
}